code,system
10111,readv2
11445,readv2
15126,readv2
16149,readv2
19296,readv2
2079,readv2
2080,readv2
2081,readv2
29619,readv2
29620,readv2
32920,readv2
35732,readv2
3886,readv2
39506,readv2
39714,readv2
39715,readv2
45572,readv2
4586,readv2
46775,readv2
47817,readv2
47963,readv2
48164,readv2
48182,readv2
49532,readv2
50235,readv2
5076,readv2
51309,readv2
51501,readv2
54276,readv2
55644,readv2
56504,readv2
5658,readv2
5722,readv2
57863,readv2
5907,readv2
59120,readv2
59125,readv2
59241,readv2
59242,readv2
59273,readv2
59318,readv2
59609,readv2
60268,readv2
60424,readv2
60578,readv2
60804,readv2
61623,readv2
61624,readv2
61625,readv2
6409,readv2
7022,readv2
7023,readv2
10263,readv2
107,readv2
12469,readv2
1370,readv2
1398,readv2
14857,readv2
17177,readv2
2062,readv2
2128,readv2
21854,readv2
24637,readv2
25903,readv2
27113,readv2
2782,readv2
27967,readv2
30392,readv2
3068,readv2
34144,readv2
34592,readv2
34699,readv2
3881,readv2
4175,readv2
4490,readv2
47014,readv2
47670,readv2
49789,readv2
50147,readv2
50148,readv2
50159,readv2
53749,readv2
53750,readv2
53846,readv2
5587,readv2
56786,readv2
58539,readv2
59082,readv2
59293,readv2
59377,readv2
59378,readv2
59467,readv2
59504,readv2
60245,readv2
60573,readv2
61769,readv2
6504,readv2
6594,readv2
6624,readv2
7498,readv2
9678,readv2
10400,readv2
11960,readv2
12280,readv2
15459,readv2
25969,readv2
32351,readv2
40910,readv2
50517,readv2
55553,readv2
55769,readv2
608,readv2
10553,readv2
25482,readv2
2716,readv2
27321,readv2
30433,readv2
4026,readv2
52883,readv2
8632,readv2
9713,readv2
10687,readv2
1291,readv2
13434,readv2
29024,readv2
3058,readv2
33391,readv2
53644,readv2
8060,readv2
8749,readv2
1069,readv2
15369,readv2
18616,readv2
2065,readv2
24963,readv2
34830,readv2
49754,readv2
8152,readv2
9454,readv2
979,readv2
10871,readv2
1119,readv2
13549,readv2
14856,readv2
30047,readv2
30990,readv2
31079,readv2
32109,readv2
34574,readv2
34759,readv2
35520,readv2
40055,readv2
41735,readv2
43501,readv2
43502,readv2
43540,readv2
49434,readv2
49435,readv2
49795,readv2
51664,readv2
56316,readv2
56780,readv2
7465,readv2
805,readv2
11075,readv2
1550,readv2
16609,readv2
17152,readv2
20004,readv2
2082,readv2
24153,readv2
2822,readv2
30081,readv2
3107,readv2
33058,readv2
33106,readv2
3350,readv2
34120,readv2
34150,readv2
34151,readv2
34178,readv2
34414,readv2
34626,readv2
34632,readv2
34707,readv2
34883,readv2
35024,readv2
35471,readv2
35747,readv2
35755,readv2
36318,readv2
36633,readv2
36634,readv2
37306,readv2
3731,readv2
3733,readv2
3734,readv2
37584,readv2
37611,readv2
3845,readv2
38507,readv2
38508,readv2
38939,readv2
38949,readv2
39039,readv2
39276,readv2
39279,readv2
39427,readv2
39452,readv2
39550,readv2
39930,readv2
40070,readv2
40395,readv2
40400,readv2
41137,readv2
4195,readv2
42038,readv2
42090,readv2
43178,readv2
43387,readv2
43648,readv2
43742,readv2
44472,readv2
44718,readv2
44903,readv2
4495,readv2
4502,readv2
45106,readv2
45344,readv2
45419,readv2
46774,readv2
49923,readv2
51751,readv2
53195,readv2
53197,readv2
53211,readv2
53501,readv2
53524,readv2
55006,readv2
56076,readv2
56136,readv2
584,readv2
5848,readv2
60102,readv2
60332,readv2
6305,readv2
6560,readv2
6711,readv2
7011,readv2
7064,readv2
8885,readv2
9281,readv2
9759,readv2
11237,readv2
12821,readv2
13608,readv2
13890,readv2
15851,readv2
16262,readv2
18077,readv2
44719,readv2
46572,readv2
51839,readv2
52751,readv2
53779,readv2
53780,readv2
54245,readv2
55649,readv2
57670,readv2
58019,readv2
58137,readv2
5830,readv2
5874,readv2
59051,readv2
59058,readv2
60156,readv2
60878,readv2
61198,readv2
61630,readv2
61770,readv2
6820,readv2
7073,readv2
7108,readv2
795,readv2
9823,readv2
1158,readv2
11696,readv2
12880,readv2
12931,readv2
12932,readv2
13112,readv2
13524,readv2
14199,readv2
15082,readv2
17428,readv2
17429,readv2
17978,readv2
18011,readv2
18567,readv2
18762,readv2
18763,readv2
2085,readv2
21441,readv2
2388,readv2
26012,readv2
26902,readv2
2823,readv2
2824,readv2
28345,readv2
30509,readv2
30763,readv2
32900,readv2
32931,readv2
34370,readv2
34904,readv2
34958,readv2
3569,readv2
37058,readv2
37800,readv2
40403,readv2
40404,readv2
4066,readv2
41726,readv2
432,readv2
43417,readv2
43451,readv2
45903,readv2
45941,readv2
46888,readv2
46972,readv2
47294,readv2
48397,readv2
4913,readv2
4982,readv2
49833,readv2
51760,readv2
52840,readv2
53188,readv2
53492,readv2
53893,readv2
54445,readv2
5449,readv2
55904,readv2
56734,readv2
57726,readv2
58515,readv2
59038,readv2
59211,readv2
59428,readv2
59429,readv2
59430,readv2
596,readv2
59696,readv2
59697,readv2
59745,readv2
59746,readv2
5977,readv2
59887,readv2
60133,readv2
60181,readv2
60187,readv2
60405,readv2
61143,readv2
61377,readv2
6436,readv2
652,readv2
6552,readv2
7020,readv2
7021,readv2
118,readv2
11809,readv2
12971,readv2
12982,readv2
13140,readv2
13152,readv2
13922,readv2
14157,readv2
14418,readv2
14451,readv2
14510,readv2
14855,readv2
15320,readv2
16927,readv2
17047,readv2
17251,readv2
18043,readv2
18385,readv2
18781,readv2
19822,readv2
20600,readv2
20882,readv2
2305,readv2
23508,readv2
24901,readv2
2520,readv2
25536,readv2
25838,readv2
26500,readv2
26894,readv2
27692,readv2
2859,readv2
28824,readv2
29608,readv2
30149,readv2
3030,readv2
30497,readv2
31331,readv2
3134,readv2
32304,readv2
35043,readv2
36415,readv2
3667,readv2
37593,readv2
39097,readv2
39453,readv2
39971,readv2
40332,readv2
40451,readv2
40969,readv2
41043,readv2
41972,readv2
42789,readv2
43571,readv2
4366,readv2
47658,readv2
48390,readv2
48391,readv2
48395,readv2
48450,readv2
48453,readv2
48466,readv2
48512,readv2
48694,readv2
48714,readv2
48865,readv2
48897,readv2
48925,readv2
4893,readv2
48954,readv2
49496,readv2
49845,readv2
502,readv2
51035,readv2
51329,readv2
51330,readv2
51331,readv2
51336,readv2
51442,readv2
51733,readv2
51734,readv2
5225,readv2
53014,readv2
53914,readv2
54854,readv2
55182,readv2
55196,readv2
55542,readv2
56373,readv2
56408,readv2
57141,readv2
57244,readv2
5796,readv2
5831,readv2
61179,readv2
61455,readv2
61805,readv2
7635,readv2
11873,readv2
15338,readv2
19500,readv2
24176,readv2
24177,readv2
27760,readv2
47143,readv2
54873,readv2
12322,readv2
17119,readv2
188,readv2
27161,readv2
27193,readv2
29456,readv2
31209,readv2
32164,readv2
32553,readv2
33119,readv2
34515,readv2
34751,readv2
34851,readv2
35517,readv2
41530,readv2
41551,readv2
46938,readv2
49376,readv2
50241,readv2
53658,readv2
53666,readv2
54224,readv2
54608,readv2
55845,readv2
56034,readv2
58033,readv2
7445,readv2
763,readv2
8832,readv2
13326,readv2
18277,readv2
18764,readv2
28315,readv2
15313,readv2
1573,readv2
5441,readv2
9188,readv2
15650,readv2
16021,readv2
18614,readv2
18886,readv2
5617,readv2
5997,readv2
18838,readv2
3975,readv2
20539,readv2
28155,readv2
2357,readv2
3576,readv2
3987,readv2
49311,readv2
50452,readv2
24708,readv2
24709,readv2
32613,readv2
263,readv2
32591,readv2
4786,readv2
49713,readv2
60657,readv2
2717,readv2
41614,readv2
44259,readv2
7482,readv2
7727,readv2
8760,readv2
37416,readv2
37512,readv2
37515,readv2
37895,readv2
40521,readv2
43919,readv2
51416,readv2
38789,readv2
39126,readv2
39259,readv2
39356,readv2
39385,readv2
39615,readv2
39952,readv2
40291,readv2
40372,readv2
40658,readv2
41162,readv2
49084,readv2
52473,readv2
39712,readv2
39713,readv2
39990,readv2
41037,readv2
41073,readv2
41378,readv2
41758,readv2
42145,readv2
43112,readv2
44437,readv2
51150,readv2
54828,readv2
54984,readv2
57643,readv2
57874,readv2
57898,readv2
58653,readv2
60432,readv2
60797,readv2
61309,readv2